8.852111141,9.11678302,9.85606008,10.92416085,12.1310695,13.29715555,14.29432673,15.06201704,15.59926629,15.94310187,16.14514663,16.25446151,16.30902809,16.33419614,16.34493483,16.34917718,16.35072928,16.35125321,16.35141026,16.35143599,16.35139543,16.35128155,16.35104598,16.35060635,16.34985273,16.3486666,16.34695869,16.34472169,16.34208056,16.33931326,16.33681637,16.33500836,16.33419065,16.3344076,16.33534762,16.33630646,16.3362106,16.33369484,16.32725164,16.31549724,16.29758741,16.27373415,16.24564567,16.21661829,16.19104916,16.17334626,16.16649686,16.17072513,16.18255313,16.19417162,16.19255292,16.15759902,16.05921447,15.85467361,15.48959822,14.90705644,14.06793686,12.98053906,11.72921102,10.48518424,9.483774725,8.964558986,9.091351163,9.88537586,11.20534142,12.78831644
9.11678302,9.372113966,10.08530008,11.1157049,12.28001872,13.40495067,14.36692918,15.10752578,15.62581414,15.95751491,16.152429,16.25788588,16.31052667,16.33480643,16.34516599,16.34925812,16.35075386,16.35125465,16.35139334,16.35138552,16.35126942,16.35099156,16.35042553,16.34937102,16.34756372,16.34471926,16.34062353,16.33525907,16.32892583,16.32229127,16.31630913,16.31199028,16.31007552,16.31071196,16.31323581,16.31611343,16.31702917,16.31309025,16.30116355,16.27842298,16.24317318,16.19586208,16.13993928,16.08202729,16.03095036,15.99558573,15.98209175,15.99145431,16.01814389,16.04996139,16.06825908,16.04729439,15.95208718,15.73595712,15.34133208,14.70896016,13.79927113,12.62389386,11.2763582,9.943604938,8.880999148,8.347155423,8.516994438,9.409508953,10.86693467,12.60025334
9.85606008,10.08530008,10.72560942,11.65072254,12.69606118,13.70604219,14.56972112,15.23464,15.69996718,15.99777317,16.17277,16.26745079,16.31471247,16.33651112,16.34581177,16.34948465,16.35082404,16.35126325,16.35135917,16.35127932,16.35100326,16.35037886,16.34911457,16.34676087,16.34272722,16.3363788,16.32723774,16.31526512,16.30113091,16.28632636,16.2729851,16.26337681,16.25918837,16.26082363,16.26695627,16.27445159,16.27862198,16.27371896,16.25364574,16.21301005,16.14864099,16.06142778,15.95786853,15.85035677,15.75536789,15.68948906,15.66435247,15.68230329,15.73444275,15.80146505,15.85610014,15.86501856,15.78860052,15.57916115,15.18123058,14.53952104,13.61900326,12.43559514,11.08657507,9.762029804,8.719587263,8.218541,8.432053576,9.374538182,10.8814635,12.65654148
10.92416085,11.1157049,11.65072254,12.42371115,13.29715555,14.14105648,14.86271307,15.41829349,15.80710282,16.05593794,16.2021585,16.28127008,16.32076006,16.33897399,16.34674459,16.34981122,16.35092308,16.35126845,16.3512892,16.35107117,16.35048363,16.34918311,16.34655619,16.34166706,16.33328857,16.32010191,16.3011144,16.27624525,16.24688669,16.21613902,16.1884426,16.16853545,16.1599796,16.16374484,16.17734454,16.19476587,16.20710258,16.20363773,16.17325642,16.10634143,15.9973683,15.8479962,15.66964891,15.48393967,15.31950397,15.20514491,15.16114475,15.19198423,15.2834695,15.40525602,15.51702276,15.57473515,15.53380506,15.34864022,14.97189549,14.35950577,13.4868177,12.3753931,11.12067006,9.902721733,8.962898178,8.542245015,8.799193882,9.741669817,11.20892518,12.91715183
12.1310695,12.28001872,12.69606118,13.29715555,13.97636673,14.63260421,15.19378157,15.62581414,15.92816155,16.12166167,16.23536626,16.29688529,16.32759355,16.34175679,16.34779811,16.35017839,16.3510289,16.35125569,16.35115699,16.35069493,16.3495481,16.34703119,16.34195222,16.33250046,16.31630312,16.29081038,16.2541028,16.20602387,16.14926562,16.08982541,16.03630092,15.99788978,15.98157247,15.98943558,16.01710497,16.05375925,16.08351734,16.08762959,16.04710099,15.94588856,15.77502446,15.53741887,15.25182346,14.95337398,14.68842117,14.50348947,14.43135066,14.47948944,14.62593834,14.82431985,15.01555975,15.14065247,15.14892697,14.99960631,14.65941245,14.10281721,13.32153687,12.34459003,11.26110839,10.23007529,9.460987883,9.160945518,9.463143815,10.36782112,11.72705368,13.2858834
13.29715555,13.40495067,13.70604219,14.14105648,14.63260421,15.10752578,15.51365198,15.8263156,16.04512557,16.18516235,16.26745079,16.31197231,16.33419584,16.34444521,16.34881503,16.35052971,16.35111986,16.3512088,16.35093071,16.35006994,16.34799845,16.34346776,16.33432875,16.31732218,16.28817815,16.24230806,16.17625701,16.08974174,15.98760527,15.88064302,15.78434434,15.71531629,15.68626263,15.70125893,15.75308743,15.82348226,15.88587109,15.90946443,15.86381564,15.72387627,15.47607786,15.12521723,14.70004801,14.25383339,13.85646448,13.57788236,13.4672573,13.53586607,13.75125293,14.04564516,14.33505786,14.54074046,14.60425429,14.49166896,14.188854,13.69518873,13.02409048,12.21412737,11.34563192,10.54949527,9.993555232,9.841335969,10.19464436,11.04567131,12.26501227,13.63629478
14.29432673,14.36692918,14.56972112,14.86271307,15.19378157,15.51365198,15.78718715,15.99777317,16.14514663,16.23946456,16.29488767,16.32487386,16.33984164,16.34674378,16.34968309,16.35082466,16.35117963,16.35111354,16.35057998,16.34911841,16.34564349,16.33805392,16.3227475,16.29426481,16.24545391,16.16862803,16.05799723,15.91308148,15.74198645,15.56279388,15.40147013,15.28591086,15.23759987,15.26382213,15.35341202,15.47746767,15.59428105,15.65639101,15.61800037,15.4424748,15.1106684,14.63000618,14.04169662,13.42105881,12.86629263,12.47528798,12.31662642,12.40585005,12.69767647,13.09848763,13.49430926,13.78266507,13.8957839,13.8078561,13.52741269,13.08313912,12.51387091,11.86958149,11.2214144,10.67001295,10.338705,10.34508583,10.75856449,11.5638336,12.65166887,13.84618189
15.06201704,15.10752578,15.23464,15.41829349,15.62581414,15.8263156,15.99777317,16.12977289,16.22214965,16.2812701,16.31601044,16.33480631,16.34418803,16.3485128,16.35034918,16.35104394,16.35120005,16.35096194,16.35008715,16.34779519,16.34237285,16.33053755,16.30667139,16.26226207,16.18615763,16.06636927,15.89386033,15.6678666,15.40100688,15.12146253,14.86974319,14.68945194,14.61437229,14.6564893,14.79962715,15.0009454,15.19905518,15.32527843,15.31493299,15.1177793,14.70859647,14.09816546,13.34171273,12.53863014,11.817515,11.30595106,11.09291626,11.19814835,11.56239086,12.06428276,12.55782234,12.91531002,13.05916065,12.97227987,12.68715298,12.26316815,11.7656509,11.25679651,10.79972207,10.46709291,10.34141587,10.49886717,10.98033361,11.76456681,12.76072015,13.82842144
15.59926629,15.62581414,15.69996718,15.80710282,15.92816155,16.04512557,16.14514663,16.22214965,16.27603833,16.31052667,16.33079268,16.34175726,16.34722955,16.34975005,16.35081248,16.35118745,16.35118177,16.3507565,16.34945999,16.34612228,16.33824351,16.3210542,16.28639781,16.22191646,16.11141796,15.93748835,15.68698641,15.35876359,14.97108784,14.56482904,14.19880871,13.93646961,13.8272495,13.88938193,14.10096154,14.40254901,14.70944832,14.92836241,14.97345264,14.78002764,14.31701537,13.599075,12.69545487,11.72860626,10.85553194,10.23110714,9.962751618,10.07366345,10.49143727,11.06911756,11.63143923,12.02796547,12.17273446,12.05732025,11.73663487,11.29825488,10.8314996,10.40972259,10.08983738,9.922071238,9.956867819,10.23884822,10.78814637,11.58023225,12.53878499,13.54956523
15.94310187,15.95751491,15.99777317,16.05593794,16.12166167,16.18516235,16.23946456,16.2812701,16.31052668,16.32925067,16.3402532,16.34620576,16.34917588,16.35054099,16.35110569,16.35126778,16.35113273,16.35051198,16.3487394,16.34421106,16.33353747,16.31026491,16.26336198,16.17611658,16.02662749,15.79132716,15.45239755,15.00819862,14.48331359,13.93289525,13.43645819,13.07997355,12.93083863,13.01482476,13.30428816,13.72211173,14.15880534,14.49535881,14.62462476,14.46822905,13.99025136,13.20931151,12.20669691,11.12333715,10.13800489,9.425839011,9.10754667,9.208457574,9.646254383,10.25530099,10.83943336,11.23257898,11.34403291,11.17322858,10.79275188,10.31144429,9.836085579,9.447737875,9.198806567,9.124569045,9.25537208,9.617505758,10.22061867,11.04058774,12.01127635,13.03364073
16.14514663,16.152429,16.17277001,16.20215851,16.23536627,16.2674508,16.29488769,16.31601048,16.33079274,16.34025326,16.34581238,16.34881972,16.35031932,16.35100476,16.35127433,16.35130265,16.35106479,16.35025213,16.34799323,16.34224958,16.32873668,16.29930986,16.24005712,16.12990857,15.94124849,15.64433594,15.21662154,14.65586537,13.99280419,13.29669922,12.66765783,12.21426772,12.02226233,12.1256632,12.49213007,13.02822263,13.60134927,14.0688742,14.30478172,14.21944565,13.77366213,12.98943852,11.95615958,10.82547456,9.787347247,9.026339776,8.668757973,8.740446001,9.154686072,9.738331219,10.28757777,10.63173684,10.68066555,10.43983155,9.991558362,9.454901642,8.943890714,8.541621793,8.297193208,8.239243082,8.39136801,8.776025586,9.403531466,10.25445925,11.26911634,12.35352516
16.25446151,16.25788589,16.2674508,16.2812701,16.29688533,16.31197238,16.32487398,16.33480651,16.34175755,16.34620614,16.34882011,16.3502339,16.35093763,16.35125446,16.35136144,16.3513083,16.35098824,16.34999886,16.3472895,16.3404375,16.32437432,16.28948839,16.219388,16.08927001,15.86663117,15.51643388,15.01200512,14.35040656,13.56733105,12.74374441,11.99711354,11.45544737,11.22075458,11.33526814,11.76423067,12.40208112,13.09840004,13.69234839,14.04386953,14.05569684,13.68698346,12.96176995,11.97218924,10.87101359,9.846811525,9.08096484,8.696698083,8.718981235,9.063772158,9.564113652,10.02452073,10.28262389,10.25456058,9.948738465,9.446781557,8.864052859,8.309301064,7.860684889,7.564804172,7.451913051,7.551891872,7.89710212,8.508834635,9.376425274,10.44386181,11.61434922
16.3090281,16.31052669,16.31471251,16.32076015,16.32759373,16.33419617,16.33984221,16.34418891,16.34723084,16.34917761,16.35032144,16.35093967,16.35124576,16.35137734,16.35139935,16.3512946,16.35090425,16.34975352,16.34664827,16.33886869,16.32076452,16.2816751,16.20348629,16.05885569,15.81199424,15.42429859,14.86623181,14.1341057,13.26642881,12.35138496,11.5176201,10.90628119,10.63131491,10.74244388,11.20591996,11.91080137,12.69712805,13.39380115,13.85296451,13.9735576,13.71417208,13.09875567,12.21635826,11.21134413,10.25890579,9.525598028,9.123938,9.077551811,9.312759317,9.68267592,10.01577507,10.17011385,10.07258539,9.730018439,9.211631394,8.614394457,8.029044511,7.521994404,7.138135235,6.916779474,6.905225667,7.156811798,7.711601809,8.570528184,9.679306982,10.93327866
16.33419617,16.33480652,16.33651131,16.33897438,16.34175755,16.34444658,16.34674609,16.34851641,16.34975531,16.35054815,16.35101383,16.35126493,16.35138692,16.35143091,16.3514074,16.35126173,16.35079633,16.34947372,16.34598212,16.3373868,16.31767341,16.2756154,16.1922947,16.03932812,15.77970675,15.37355639,14.79022696,14.02537667,13.11771784,12.15694735,11.27490455,10.61766977,10.30537791,10.3941114,10.85525587,11.58065935,12.41058627,13.1724795,13.7168293,13.94172797,13.80514524,13.32816456,12.59139425,11.72310882,10.87614512,10.19407091,9.774134193,9.6399338,9.735831126,9.947100012,10.13874978,10.19792338,10.06386891,9.735751448,9.258715137,8.698030934,8.115717252,7.561292396,7.07907243,6.723342859,6.566668946,6.690239806,7.156921569,7.980073147,9.105714031,10.41919234
16.34493497,16.34516631,16.34581249,16.34674609,16.34780102,16.34882026,16.34969186,16.35036288,16.35083245,16.3511329,16.35130913,16.3514032,16.35144535,16.35144787,16.35139306,16.35119817,16.35062295,16.34905315,16.34504479,16.33546335,16.31404708,16.26935539,16.18244461,16.02528376,15.76169635,15.35295658,14.76931949,14.00623873,13.10034873,12.13735199,11.24431065,10.5639074,10.21655,10.26342529,10.68506388,11.38401583,12.20991211,12.99639622,13.59682665,13.90958636,13.89049669,13.55451918,12.96950481,12.24276551,11.50012328,10.85903914,10.40150808,10.15529324,10.09077081,10.13501271,10.19765473,10.19844437,10.08640981,9.845027241,9.484421504,9.027667929,8.500897339,7.9342368,7.373069666,6.890486672,6.588004208,6.576563328,6.941650297,7.707736307,8.820214167,10.15511192
16.34917766,16.34925927,16.34948721,16.34981654,16.35018867,16.35054822,16.35085568,16.35109238,16.351258,16.35136386,16.35142555,16.35145688,16.35146511,16.35144371,16.35135451,16.35108083,16.35031534,16.34831499,16.3434153,16.33216218,16.30793746,16.25909805,16.1669973,16.00482292,15.73879242,15.3334605,14.76211716,14.02113164,13.14405581,12.20884445,11.33172675,10.6452919,10.26521878,10.25643523,10.61143879,11.2493132,12.03558121,12.81498757,13.44571841,13.8254833,13.90503591,13.68957029,13.23081773,12.61280722,11.93381782,11.28731179,10.74538328,10.34828311,10.10207343,9.98388906,9.951974054,9.956701378,9.949334403,9.886916038,9.733915662,9.463535879,9.062613625,8.5421994,7.950851825,7.382071772,6.965843823,6.840109928,7.109192626,7.805848056,8.874715735,10.18574511
16.35073085,16.35075764,16.35083248,16.35094059,16.35106276,16.3511808,16.35128174,16.35135943,16.35141376,16.35144832,16.35146775,16.35147495,16.35146672,16.35142372,16.35128403,16.35087844,16.34978479,16.34703081,16.34054521,16.32625077,16.29674963,16.23972084,16.13646496,15.96144832,15.68405499,15.27374335,14.70907609,13.98949006,13.14653382,12.24960252,11.40127015,10.72003407,10.31318186,10.2475067,10.52798731,11.09256067,11.82532213,12.58363027,13.22995751,13.65878547,13.81199245,13.6810109,13.29837038,12.72375738,12.03002808,11.29291213,10.5851606,9.972972465,9.511357349,9.236583247,9.157154876,9.247487737,9.448461059,9.676345277,9.838374353,9.851759852,9.663381641,9.267703678,8.718881585,8.13061759,7.657703396,7.459096719,7.65207989,8.27450753,9.27136139,10.51186735
16.35125804,16.35126622,16.35128909,16.35132212,16.35135945,16.35139551,16.35142635,16.35145007,16.35146659,16.35147682,16.35148144,16.35147863,16.35145858,16.35138826,16.35117221,16.35055945,16.34894329,16.34497354,16.33588703,16.31649337,16.27786968,16.2060398,16.08120439,15.87833104,15.56993232,15.13150438,14.54933283,13.82933366,13.00456435,12.13839033,11.32044826,10.65388329,10.23492843,10.12916868,10.35145413,10.85676741,11.54650466,12.28929096,12.94987809,13.41656067,13.61852505,13.52927823,13.15863658,12.54063947,11.72554553,10.77992027,9.791691831,8.871330396,8.140410289,7.705778236,7.627435789,7.894367074,8.42041938,9.063279044,9.659644575,10.06480355,10.18627826,10.00555586,9.584902907,9.056968463,8.596113908,8.37510006,8.518038413,9.065477986,9.965202175,11.09234901
16.35142402,16.35142635,16.35143285,16.35144225,16.35145286,16.35146311,16.35147188,16.3514786,16.35148318,16.35148558,16.35148485,16.35147637,16.35144385,16.35133681,16.35101307,16.35010464,16.34773679,16.34200229,16.32909703,16.30210383,16.24961202,16.15466616,15.99482886,15.74419317,15.37778315,14.8779428,14.2413771,13.48499936,12.64895396,11.79587441,11.00598623,10.36776072,9.963979509,9.854246699,10.05744543,10.5400744,11.21652954,11.96381809,12.6470029,13.14626212,13.37541276,13.28641598,12.8626082,12.11036158,11.05963187,9.7766177,8.380109199,7.044938105,5.97855068,5.37076837,5.334251569,5.862219705,6.823802021,7.999680024,9.142799653,10.0411673,10.56412932,10.6839645,10.4732156,10.08168484,9.697846145,9.501517704,9.618634651,10.09138101,10.8737444,11.85347705
16.35147252,16.35147314,16.35147486,16.35147734,16.35148015,16.35148286,16.35148518,16.35148692,16.35148796,16.35148787,16.35148473,16.35147141,16.35142418,16.35127086,16.35080954,16.3495215,16.34618402,16.33816015,16.32026532,16.28325152,16.21225715,16.08599404,15.87776326,15.55924672,15.10714135,14.51124977,13.78137859,12.95032836,12.07179552,11.21430059,10.45356843,9.864941028,9.515160979,9.451651869,9.689193514,10.19791102,10.89936894,11.67592797,12.39223036,12.92055096,13.15907519,13.03679179,12.50849086,11.55186151,10.17880929,8.462346242,6.564189174,4.738135532,3.290485243,2.50103307,2.533629611,3.376568422,4.841220121,6.619372777,8.373308208,9.822768459,10.80189096,11.27717538,11.33230045,11.1313719,10.87145219,10.73362412,10.8420411,11.2404809,11.89250353,12.70387517
16.35148568,16.35148583,16.35148625,16.35148686,16.35148755,16.35148822,16.35148878,16.35148916,16.35148919,16.35148818,16.35148343,16.35146522,16.35140158,16.35119566,16.3505774,16.3488552,16.34440564,16.33374703,16.31008526,16.26142748,16.16878779,16.00557493,15.73962539,15.33901339,14.78137185,14.06429986,13.21271174,12.27924307,11.33667566,10.46540384,9.741367422,9.228459887,8.974979996,9.009933909,9.335552062,9.917331492,10.67812166,11.50320175,12.25751133,12.80808121,13.04080081,12.86508252,12.21077482,11.03110225,9.324659674,7.175480152,4.790086101,2.499128578,0.701220323,-0.243406738,-0.129213773,1.021153494,2.961153188,5.299605042,7.618104037,9.578763362,10.9884198,11.81083197,12.13870291,12.14462693,12.02717392,11.96277952,12.07065125,12.39605155,12.91423606,13.55194805
16.35148899,16.35148902,16.35148912,16.35148926,16.35148942,16.35148957,16.35148969,16.35148971,16.35148943,16.35148796,16.35148187,16.35145893,16.35137901,16.35112064,16.35034565,16.34818924,16.3426257,16.32932255,16.29985813,16.23944868,16.12488199,15.92406716,15.59905103,15.11385384,14.44658194,13.60240491,12.62174583,11.5785041,10.56716345,9.683437911,9.006771013,8.591362666,8.466108087,8.637603817,9.089381608,9.775790246,10.61599795,11.49608691,12.2824532,12.84126011,13.05373947,12.82085371,12.06173537,10.72018762,8.792498675,6.374256948,3.701712708,1.151318764,-0.826651854,-1.830002928,-1.635154081,-0.276566053,1.962908724,4.645106038,7.309379637,9.590501492,11.28444061,12.35479547,12.89608027,13.07785743,13.08905799,13.09341177,13.20084844,13.45666204,13.84774908,14.32183722
16.35148976,16.35148977,16.35148979,16.35148982,16.35148985,16.35148988,16.3514899,16.35148983,16.35148944,16.35148767,16.35148051,16.35145365,16.35136012,16.35105787,16.35015165,16.34763143,16.34113364,16.32561023,16.2912677,16.22096322,16.0878986,15.85529113,15.4802053,14.92310365,14.16237188,13.20960031,12.11869472,10.98247001,9.915340997,9.027976392,8.404606134,8.092048502,8.101876184,8.418865502,9.006360063,9.804361894,10.72457032,11.65098136,12.45117574,12.99490406,13.17035738,12.89057441,12.09234611,10.74018874,8.848502694,6.521433245,3.989048566,1.606302377,-0.208206108,-1.084629392,-0.82200333,0.539570295,2.729856125,5.336689273,7.930099062,10.17112606,11.87096016,12.9944055,13.62374584,13.9063245,14.00442659,14.05739143,14.15927053,14.35193084,14.63150528,14.96405589
16.35148993,16.35148993,16.35148994,16.35148994,16.35148995,16.35148995,16.35148994,16.35148985,16.35148941,16.35148747,16.35147966,16.35145038,16.35134845,16.3510191,16.35003178,16.3472867,16.34021128,16.3233146,16.2859534,16.20952231,16.0649974,15.81268045,15.40653814,14.8048301,13.98616827,12.96630109,11.8079006,10.61624726,9.51920801,8.638042851,8.061161076,7.83142859,7.949230568,8.383964978,9.083102381,9.972994275,10.95494589,11.90596261,12.69120937,13.18645696,13.30058143,12.98723385,12.2425151,11.09649234,9.611712498,7.895505909,6.117657787,4.512497432,3.346779058,2.853893265,3.158992633,4.230875574,5.885729246,7.841876614,9.800605261,11.51998812,12.85799735,13.77894088,14.33196066,14.61620109,14.74545339,14.82015567,14.91021567,15.04923109,15.23864255,15.45859121
16.35148997,16.35148997,16.35148997,16.35148997,16.35148997,16.35148997,16.35148995,16.35148985,16.3514894,16.35148744,16.35147951,16.3514498,16.35134637,16.35101222,16.35001055,16.34722575,16.34004856,16.32291055,16.28502053,16.20752006,16.06100352,15.80528024,15.39381092,14.7845385,13.95624163,12.92562695,11.75730606,10.55941371,9.46319157,8.593125253,8.039925658,7.84716178,8.013864858,8.505711627,9.263718638,10.20456673,11.21660491,12.16239386,12.89683498,13.30026666,13.31461273,12.96516689,12.35504598,11.63211147,10.9423296,10.39059547,10.02529963,9.84915849,9.844809923,9.997924206,10.30549027,10.76789261,11.37302404,12.08399931,12.83863489,13.56179014,14.18501553,14.66481251,14.99211844,15.19009276,15.30233292,15.37696168,15.45258584,15.55032148,15.67311662,15.81081057
16.35148997,16.35148997,16.35148997,16.35148997,16.35148997,16.35148997,16.35148995,16.35148986,16.35148943,16.35148758,16.35148009,16.35145203,16.35135434,16.35103873,16.35009262,16.34746212,16.340682,16.32449003,16.28868455,16.2154264,16.07687012,15.83488576,15.44515619,14.86727358,14.08004298,13.09756203,11.97880347,10.82401488,9.756408789,8.895183716,8.330993096,8.113357629,8.251557386,8.721795047,9.470694046,10.41101064,11.41573487,12.32380505,12.96859162,13.22884717,13.08627321,12.66246504,12.20846909,12.03597039,12.40612191,13.4180477,14.94860313,16.6784464,18.20123504,19.17148369,19.42564694,19.02377871,18.19946288,17.25049662,16.42662885,15.86233386,15.57144625,15.48791127,15.52080765,15.59611298,15.67364589,15.74297351,15.80946171,15.88085894,15.95982523,16.04280046
16.35148997,16.35148997,16.35148997,16.35148997,16.35148997,16.35148997,16.35148995,16.35148987,16.3514895,16.35148787,16.35148129,16.35145662,16.35137074,16.35109325,16.3502613,16.34794781,16.34198326,16.32773362,16.29620608,16.23164947,16.10940979,15.89556185,15.5502965,15.0364838,14.3327749,13.44752499,12.42745345,11.35552147,10.33686691,9.477810482,8.866736444,8.563693516,8.598613722,8.971249784,9.645136575,10.53482324,11.49611808,12.33572933,12.85355218,12.9168057,12.54465226,11.96397831,11.59338205,11.93232076,13.3747805,16.01494065,19.53770529,23.2657401,26.36693509,28.14373602,28.27683976,26.91383997,24.57155116,21.91300301,19.51218998,17.70598173,16.57096788,15.99709878,15.79639786,15.79187775,15.86179198,15.94354832,16.01596173,16.07787507,16.1331111,16.18371841
16.35148997,16.35148997,16.35148997,16.35148997,16.35148997,16.35148997,16.35148996,16.35148989,16.35148959,16.35148825,16.35148287,16.35146268,16.3513924,16.35116528,16.35048421,16.34858962,16.34370272,16.33201962,16.30614476,16.25308607,16.15240684,15.9757379,15.68922481,15.26005751,14.66664461,13.9096483,13.0193646,12.05547903,11.09855321,10.23695087,9.554998173,9.125742502,9.006018957,9.227283249,9.777416245,10.57706668,11.46463299,12.20971909,12.57014951,12.39065825,11.71578548,10.86533774,10.4135647,11.03773846,13.25976238,17.17396843,22.29397646,27.62380263,31.96061961,34.31468889,34.25904014,32.04890251,28.46804975,24.49595786,20.96427457,18.34701639,16.73542705,15.95186673,15.7106084,15.74647196,15.87742707,16.00930001,16.11013153,16.17965035,16.22741371,16.26209392
16.35148997,16.35148997,16.35148997,16.35148997,16.35148997,16.35148997,16.35148996,16.35148991,16.35148968,16.35148866,16.35148456,16.35146919,16.35141565,16.35124259,16.35072342,16.34927842,16.34554826,16.33662041,16.31681525,16.27610665,16.1985965,16.06190737,15.83863438,15.50071036,15.02645134,14.40848582,13.65971222,12.81496072,11.92827326,11.06815429,10.31344591,9.749559519,9.460501282,9.510537329,9.913704585,10.59910026,11.39024558,12.02136375,12.20691974,11.76121319,10.73522824,9.508999469,8.768096064,9.321564419,11.78931602,16.27311832,22.17489306,28.29101439,33.1883983,35.71653182,35.42211583,32.67304956,28.44883883,23.92356521,20.0531485,17.33971311,15.82479335,15.24509192,15.23340048,15.4700546,15.74929488,15.97589441,16.128387,16.21992175,16.27182299,16.30141009
16.35148997,16.35148997,16.35148997,16.35148997,16.35148997,16.35148997,16.35148997,16.35148993,16.35148976,16.35148904,16.35148614,16.35147524,16.35143727,16.35131448,16.35094589,16.34991912,16.34726528,16.34090212,16.32674988,16.29755245,16.24166258,16.14234455,15.97833705,15.72625715,15.36479278,14.87977303,14.26875205,13.54425442,12.73608922,11.89388125,11.08971966,10.41753089,9.982736269,9.876480245,10.13522655,10.69718472,11.37693478,11.88291235,11.89450758,11.19439795,9.820017841,8.166697719,6.96433485,7.08101366,9.185008801,13.3914616,19.07308718,24.97246739,29.61519582,31.85710151,31.30919771,28.43782742,24.30904241,20.1291843,16.81621584,14.78054157,13.9547048,13.9853192,14.45444112,15.03207739,15.53041353,15.88466536,16.10396752,16.22582773,16.28823838,16.3187244
16.35148997,16.35148997,16.35148997,16.35148997,16.35148997,16.35148997,16.35148997,16.35148994,16.35148984,16.35148936,16.35148744,16.35148025,16.35145517,16.35137403,16.35113022,16.35045013,16.34868893,16.34445436,16.3349989,16.31538065,16.27752397,16.20948363,16.09533375,15.9160392,15.65138936,15.28276745,14.79653686,14.18830624,13.46883112,12.67177937,11.86125227,11.13350837,10.60531885,10.38377084,10.52015841,10.96150261,11.52235509,11.90169946,11.76110591,10.85902955,9.204651789,7.163581605,5.437471508,4.871892242,6.125547001,9.328255976,13.90527662,18.69901396,22.37779447,23.9581268,23.18703657,20.59682305,17.22190333,14.14432947,12.10178234,11.3206852,11.59178551,12.48561264,13.57190036,14.55278483,15.29272875,15.77981584,16.06583686,16.21779173,16.29174079,16.32522511
16.35148997,16.35148997,16.35148997,16.35148997,16.35148997,16.35148997,16.35148997,16.35148996,16.35148989,16.3514896,16.35148842,16.351484,16.35146857,16.3514186,16.35126826,16.35084801,16.34975649,16.34712097,16.34120075,16.32881328,16.30462581,16.26044049,16.18466605,16.06217075,15.87467455,15.60189692,15.22397568,14.72610363,14.10631671,13.38607025,12.62036175,11.90082955,11.34400384,11.06017023,11.10646129,11.4381429,11.88005872,12.14144385,11.88871305,10.87095392,9.063878702,6.769672604,4.601411834,3.311451037,3.496233292,5.295572317,8.246679158,11.40523516,13.71334058,14.44851483,13.52601942,11.49979634,9.27504038,7.699932477,7.248591383,7.92591102,9.386247165,11.15525785,12.82769573,14.16773228,15.10966007,15.70113931,16.03663169,16.20984929,16.29178888,16.32756385
16.35148997,16.35148997,16.35148997,16.35148997,16.35148997,16.35148997,16.35148997,16.35148996,16.35148993,16.35148976,16.35148908,16.35148655,16.35147771,16.35144902,16.35136252,16.35111995,16.35048709,16.34894933,16.34546425,16.33808188,16.32342353,16.29604074,16.2477067,16.16672911,16.03747079,15.84051539,15.55434638,15.15977493,14.64806451,14.03210038,13.35703174,12.70383698,12.17853442,11.88323944,11.87288064,12.11050775,12.44076936,12.6017325,12.28739285,11.25597665,9.454404683,7.105487232,4.697727471,2.844792447,2.044268708,2.436544242,3.696409871,5.144192262,6.048846811,5.976827238,4.999582563,3.646452132,2.635855036,2.540116985,3.560075144,5.501429775,7.922787008,10.34606284,12.41966691,13.98167457,15.03428682,15.67521889,16.03021698,16.20995108,16.29346405,16.32921685
16.35148997,16.35148997,16.35148997,16.35148997,16.35148997,16.35148997,16.35148997,16.35148997,16.35148995,16.35148986,16.3514895,16.35148815,16.35148342,16.35146805,16.35142155,16.35129052,16.35094637,16.35010231,16.34816467,16.34398839,16.3355043,16.31918737,16.28934595,16.23726127,16.15035452,16.01187149,15.80201664,15.50176342,15.10018452,14.60459111,14.05016987,13.50334184,13.05266982,12.78430203,12.74540012,12.9064558,13.13860126,13.22220167,12.89647802,11.94601066,10.30038106,8.104705607,5.714255937,3.58871359,2.111183285,1.411631684,1.295613755,1.338730707,1.115922343,0.446263274,-0.487872943,-1.219963675,-1.231746293,-0.205644427,1.837316615,4.569422643,7.513990294,10.22971127,12.43435619,14.03487008,15.08427851,15.70985447,16.05050851,16.22055717,16.29859001,16.33159022
16.35148997,16.35148997,16.35148997,16.35148997,16.35148997,16.35148997,16.35148997,16.35148997,16.35148996,16.35148992,16.35148974,16.35148907,16.35148671,16.35147901,16.35145561,16.35138919,16.35121303,16.35077513,16.3497516,16.34749317,16.34276774,16.33335154,16.31542253,16.2827565,16.22587321,16.13157105,15.98366957,15.7660011,15.46832767,15.09455396,14.67052209,14.24678387,13.89154125,13.67150705,13.62346333,13.72495082,13.87633942,13.90649701,13.60923545,12.80731786,11.42639867,9.547940216,7.407395875,5.321033808,3.561195956,2.238306982,1.260304661,0.407147782,-0.509560183,-1.492237296,-2.306130193,-2.570945072,-1.947014849,-0.31007151,2.180086822,5.14358933,8.128661791,10.76111119,12.83069966,14.29728135,15.24086238,15.79485518,16.09276589,16.239909,16.3068087,16.33485954
16.35148997,16.35148997,16.35148997,16.35148997,16.35148997,16.35148997,16.35148997,16.35148997,16.35148997,16.35148995,16.35148986,16.35148955,16.35148845,16.35148484,16.35147378,16.35144207,16.35135677,16.35114071,16.35062336,16.34944698,16.3468963,16.34160676,16.33110403,16.31116497,16.27510983,16.21336587,16.11393319,15.96453912,15.75697622,15.49313847,15.19074804,14.88542147,14.62562498,14.45894785,14.4117162,14.46794198,14.55621543,14.55303933,14.30753663,13.68526802,12.61906051,11.14583966,9.40698877,7.601866426,5.908930337,4.414036474,3.091547543,1.858939168,0.679124009,-0.353153786,-1.003256745,-0.983866658,-0.093349954,1.672886168,4.09960006,6.825226483,9.466740294,11.73199622,13.47535898,14.69015232,15.4611429,15.90871804,16.1471205,16.26391394,16.31663726,16.33860211
16.35148997,16.35148997,16.35148997,16.35148997,16.35148997,16.35148997,16.35148997,16.35148997,16.35148997,16.35148996,16.35148993,16.35148979,16.35148931,16.35148772,16.35148279,16.35146846,16.35142913,16.35132702,16.35107487,16.35048057,16.34913982,16.34624267,16.34025616,16.32847203,16.30649311,16.26789467,16.20449589,16.10777965,15.97179341,15.79719916,15.59512376,15.3885815,15.20919524,15.08819507,15.04302285,15.06343172,15.10262307,15.07886631,14.89076641,14.4447898,13.68746518,12.62913199,11.34537638,9.950183942,8.550492242,7.206967846,5.928123523,4.707495032,3.583950783,2.683497777,2.20601753,2.353091624,3.232489104,4.79287654,6.825699892,9.032098672,11.11827668,12.87382135,14.20478022,15.12092139,15.69647196,16.02772253,16.20286485,16.28811826,16.32638706,16.34224969
16.35148997,16.35148997,16.35148997,16.35148997,16.35148997,16.35148997,16.35148997,16.35148997,16.35148997,16.35148997,16.35148995,16.3514899,16.3514897,16.35148904,16.35148696,16.35148078,16.3514634,16.35141681,16.35129752,16.351005,16.35031777,16.3487739,16.34546996,16.33876894,16.32596147,16.30302713,16.26476704,16.20564181,16.1215222,16.01215337,15.88352168,15.74879124,15.62645936,15.53512395,15.48562196,15.47276174,15.46980948,15.42886077,15.28900436,14.99166977,14.49902491,13.80804921,12.95243058,11.98900991,10.97454545,9.94701556,8.926178816,7.937013106,7.042155273,6.358117813,6.035691689,6.206634973,6.922388015,8.118894978,9.627998674,11.22970595,12.71866763,13.95487493,14.8818239,15.51402306,15.90809922,16.13338528,16.25180702,16.30915593,16.3347822,16.34536129
16.35148997,16.35148997,16.35148997,16.35148997,16.35148997,16.35148997,16.35148997,16.35148997,16.35148997,16.35148997,16.35148997,16.35148995,16.35148987,16.35148961,16.35148877,16.35148621,16.35147879,16.35145813,16.35140311,16.35126265,16.35091982,16.35012272,16.34836588,16.34471412,16.33759104,16.32461124,16.30260529,16.26802222,16.21782931,16.15081651,16.0688996,15.97775646,15.88612803,15.80347432,15.736298,15.68408474,15.63622445,15.57135607,15.46022828,15.27220939,14.98392417,14.5866679,14.0886304,13.5100135,12.87371928,12.19865943,11.50276749,10.81652851,10.19842662,9.738359676,9.539600075,9.683047939,10.19064042,11.00800782,12.0167846,13.07082716,14.03873062,14.83433205,15.42593285,15.82655855,16.07475994,16.21589697,16.28973865,16.32535026,16.34120439,16.34772756
16.35148997,16.35148997,16.35148997,16.35148997,16.35148997,16.35148997,16.35148997,16.35148997,16.35148997,16.35148997,16.35148997,16.35148996,16.35148994,16.35148984,16.35148951,16.35148849,16.3514854,16.35147646,16.35145168,16.35138595,16.35121986,16.35082182,16.34992104,16.34800384,16.34417842,16.33703906,16.32459302,16.30433318,16.27351972,16.22966413,16.17111107,16.09754799,16.0102821,15.9121913,15.80729964,15.69990777,15.59322068,15.48763495,15.37929192,15.25982797,15.11794265,14.94234355,14.724528,14.45989989,14.14736786,13.78968149,13.39710147,12.9942763,12.62586972,12.35428047,12.24570765,12.34797899,12.67016544,13.17486261,13.78789687,14.42103773,14.99708474,15.46696994,15.81410579,16.04786809,16.1919857,16.27358494,16.3161145,16.33655554,16.34562803,16.34935062
16.35148997,16.35148997,16.35148997,16.35148997,16.35148997,16.35148997,16.35148997,16.35148997,16.35148997,16.35148997,16.35148997,16.35148997,16.35148996,16.35148992,16.3514898,16.3514894,16.35148815,16.35148436,16.35147343,16.35144336,16.35136477,16.35117028,16.35071583,16.3497146,16.34763514,16.34355912,16.33600176,16.32270776,16.30045277,16.26491761,16.21077378,16.13220951,16.02415326,15.88427952,15.71542148,15.52739779,15.33690368,15.16451387,15.02911679,14.94166496,14.90092551,14.89320395,14.89611569,14.8846902,14.83764792,14.74262689,14.60021537,14.42657602,14.25329964,14.1224688,14.07629948,14.14393357,14.3307382,14.61536144,14.95631952,15.30514834,15.62019575,15.87562347,16.06334852,16.18919472,16.26647391,16.31007593,16.33273018,16.34358791,16.34839474,16.35036251
16.35148997,16.35148997,16.35148997,16.35148997,16.35148997,16.35148997,16.35148997,16.35148997,16.35148997,16.35148997,16.35148997,16.35148997,16.35148997,16.35148996,16.35148991,16.35148976,16.35148925,16.35148767,16.35148288,16.35146913,16.35143153,16.35133374,16.35109175,16.35052121,16.34923667,16.34646962,16.3407609,16.329488,16.30823644,16.27015482,16.2056553,16.10306094,15.95085816,15.74182001,15.4782989,15.17673697,14.86867758,14.59616313,14.40162776,14.31534321,14.34539232,14.47457054,14.66560811,14.87239081,15.05263446,15.17777864,15.23793701,15.24186035,15.21289343,15.18203709,15.17939153,15.2259024,15.32788229,15.47628805,15.65097055,15.82797425,15.98678372,16.1148779,16.20861605,16.27122303,16.30954322,16.33110131,16.34227308,16.34761491,16.34997476,16.35093894
16.35148997,16.35148997,16.35148997,16.35148997,16.35148997,16.35148997,16.35148997,16.35148997,16.35148997,16.35148997,16.35148997,16.35148997,16.35148997,16.35148997,16.35148995,16.35148989,16.35148969,16.351489,16.3514868,16.35148001,16.35145992,16.35140274,16.35124634,16.35083528,16.34979955,16.34730631,16.34159811,16.32923186,16.30401213,16.25583371,16.17002234,16.02816404,15.81151643,15.50748263,15.11811121,14.66760713,14.20457754,13.79554518,13.5095921,13.39857855,13.48058808,13.73375817,14.10327221,14.51837947,14.91225962,15.23741102,15.47246396,15.62049211,15.7017034,15.74405669,15.77458602,15.81312707,15.86927757,15.94269339,16.02603771,16.10920698,16.18322484,16.24261422,16.28590403,16.31472384,16.33231488,16.34218701,16.34729171,16.34972771,16.35080192,16.35124009
16.35148997,16.35148997,16.35148997,16.35148997,16.35148997,16.35148997,16.35148997,16.35148997,16.35148997,16.35148997,16.35148997,16.35148997,16.35148997,16.35148997,16.35148997,16.35148994,16.35148985,16.35148951,16.35148829,16.35148412,16.35147023,16.35142595,16.3512909,16.35089933,16.34982517,16.3470503,16.34032762,16.3251073,16.29300433,16.23009804,16.11588936,15.92432215,15.6284469,15.2094756,14.66886452,14.03925761,13.38825429,12.80994464,12.40370372,12.24619096,12.36723885,12.73997712,13.28962094,13.91695777,14.52646545,15.04835894,15.44829688,15.72473629,15.89846666,16.00006405,16.05954241,16.10008893,16.13584742,16.17271347,16.21081549,16.24744901,16.27953004,16.30506432,16.32358822,16.3358797,16.34336285,16.34755333,16.34971605,16.35074637,16.35120001,16.35138479
16.35148997,16.35148997,16.35148997,16.35148997,16.35148997,16.35148997,16.35148997,16.35148997,16.35148997,16.35148997,16.35148997,16.35148997,16.35148997,16.35148997,16.35148997,16.35148996,16.3514899,16.35148968,16.35148878,16.35148531,16.35147265,16.35142891,16.35128668,16.35085286,16.3496155,16.34632312,16.33816706,16.3193888,16.27927166,16.1998769,16.05458168,15.80924853,15.4281189,14.88550154,14.18161698,13.35728142,12.49954215,11.73144161,11.18484611,10.96372089,11.11170033,11.59778492,12.32656302,13.16833228,13.99612076,14.71530227,15.27707995,15.67547105,15.93376972,16.08833185,16.17555365,16.22444404,16.254343,16.27598661,16.29403498,16.30971293,16.3228497,16.33310397,16.34047431,16.34534056,16.34829398,16.34994416,16.35079431,16.35119871,16.35137652,16.35144886
16.35148997,16.35148997,16.35148997,16.35148997,16.35148997,16.35148997,16.35148997,16.35148997,16.35148997,16.35148997,16.35148997,16.35148997,16.35148997,16.35148997,16.35148997,16.35148996,16.35148992,16.35148972,16.35148888,16.35148542,16.35147219,16.35142488,16.35126701,16.35077602,16.34935489,16.34553099,16.33597512,16.3138191,16.26620783,16.17149911,15.99736884,15.70203616,15.24119685,14.58208968,13.72288521,12.71107747,11.65125287,10.69362979,10.00156025,9.706515961,9.8673321,10.4509933,11.34354274,12.3861769,13.42088632,14.32782464,15.04308757,15.55590385,15.89238036,16.09558803,16.20947676,16.26972715,16.30095072,16.31789141,16.32823378,16.33541964,16.34075426,16.3446872,16.34744174,16.34923864,16.35032267,16.35092633,16.35123665,16.35138403,16.35144875,16.35147505
16.35148997,16.35148997,16.35148997,16.35148997,16.35148997,16.35148997,16.35148997,16.35148997,16.35148997,16.35148997,16.35148997,16.35148997,16.35148997,16.35148997,16.35148997,16.35148996,16.35148992,16.35148973,16.35148887,16.35148527,16.35147129,16.35142066,16.35125,16.35071516,16.34915753,16.34494449,16.33436818,16.30974413,16.25662031,16.15053672,15.95473129,15.62129958,15.09880632,14.34812042,13.36463407,12.19984845,10.97132351,9.850814726,9.027913642,8.658350166,8.815981089,9.4687127,10.48909792,11.69481815,12.90145374,13.96675857,14.8126921,15.42336426,15.82679444,16.07185461,16.20934048,16.28103782,16.31622962,16.33291951,16.3409471,16.34512031,16.3475511,16.34909285,16.35009208,16.35072042,16.35109307,16.35129889,16.35140425,16.35145417,16.35147605,16.35148494
16.35148997,16.35148997,16.35148997,16.35148997,16.35148997,16.35148997,16.35148997,16.35148997,16.35148997,16.35148997,16.35148997,16.35148997,16.35148997,16.35148997,16.35148997,16.35148996,16.35148993,16.35148974,16.35148888,16.35148526,16.35147109,16.3514195,16.35124483,16.35069518,16.34908841,16.34472692,16.33373961,16.30806873,16.2524877,16.14108516,15.93466414,15.58171602,15.02622674,14.22437411,13.16840363,11.91039288,10.57411223,9.343693263,8.425538619,7.992635975,8.131501672,8.814006804,9.90664189,11.21304417,12.53124642,13.70290605,14.63887264,15.31831338,15.76954529,16.04494285,16.19993903,16.28065076,16.31972157,16.33745898,16.34514826,16.3484434,16.34991525,16.35063499,16.35102193,16.35124053,16.35136338,16.35142952,16.35146296,16.35147872,16.3514856,16.35148839
16.35148997,16.35148997,16.35148997,16.35148997,16.35148997,16.35148997,16.35148997,16.35148997,16.35148997,16.35148997,16.35148997,16.35148997,16.35148997,16.35148997,16.35148997,16.35148997,16.35148993,16.35148975,16.35148893,16.35148549,16.35147197,16.35142256,16.3512547,16.35072481,16.3491708,16.34493864,16.33424089,16.30915837,16.25465134,16.14498029,15.94094415,15.59058117,15.03665312,14.23314922,13.16935593,11.89440257,10.53042642,9.262611633,8.301801108,7.828217731,7.936461174,8.604726534,9.701952263,11.02969135,12.38039389,13.58875484,14.55945759,15.26768044,15.74022018,16.02985246,16.19344914,16.27882029,16.32008025,16.33861053,16.34639037,16.34948084,16.35067037,16.35113249,16.35132316,16.35140928,16.3514511,16.35147189,16.351482,16.35148667,16.3514887,16.35148951
16.35148997,16.35148997,16.35148997,16.35148997,16.35148997,16.35148997,16.35148997,16.35148997,16.35148997,16.35148997,16.35148997,16.35148997,16.35148997,16.35148997,16.35148997,16.35148997,16.35148993,16.35148977,16.35148905,16.35148598,16.35147388,16.35142952,16.3512784,16.35079981,16.34939165,16.34554361,16.33578217,16.31280993,16.26269508,16.16145243,15.97229748,15.64604126,15.12780267,14.37230689,13.36665539,12.15410718,10.84768568,9.622151237,8.67959684,8.196074317,8.268114543,8.881338399,9.915127198,11.18127781,12.47968229,13.64854571,14.59251333,15.28447699,15.74814464,16.03345257,16.19517522,16.27981575,16.32079316,16.33917779,16.3468395,16.34981722,16.35090495,16.35128432,16.35141437,16.35146019,16.35147752,16.35148464,16.35148772,16.35148906,16.35148962,16.35148985